dev_001.csv,0.09273195876288658,-0.06052577319587629,0.09273195876288658,0.0,1.0,0.0,1.0,0.0,0.0,6.754359965635739e-05,0.000613198238831615,0.067,0.12199999999999997,-0.05527821011673152,0.11169844357976652,-0.05527821011673152,0.11169844357976652
dev_002.csv,0.1041972002434571,-0.11601765063907488,0.1041972002434571,0.1789409616555082,0.8113207547169812,0.009738283627510651,0.9713937918441875,0.02678027997565429,0.0018259281801582471,0.01212089798302769,0.004707948908112741,0.44799999999999995,0.5770000000000001,-0.06021949286846276,0.09957210776545167,-0.06021949286846276,0.09957210776545167
dev_003.csv,0.24298861047835993,-0.2517867881548975,0.24298861047835993,0.018223234624145785,0.9817767653758542,0.0,0.9986332574031891,0.001366742596810934,0.0,0.007025256251985642,0.016181461583984477,0.09199999999999998,0.4590000000000001,-0.17639999999999997,0.25703750000000003,-0.17639999999999997,0.25703750000000003
dev_004.csv,-0.009489193083573488,-0.1420093659942363,-0.009489193083573488,0.0,1.0,0.0,0.17795389048991356,0.7968299711815562,0.02521613832853026,0.00020627748972031353,0.00020904458391943296,0.045,0.083,-0.139003416856492,-0.006096810933940774,-0.139003416856492,-0.006096810933940774
dev_005.csv,0.273663872590109,-0.2178516345347863,0.273663872590109,0.0016764459346186086,0.9983235540653814,0.0,1.0,0.0,0.0,0.010332342902107928,0.012262689775930062,0.41,0.693,-0.09404540295119182,0.32801135073779797,-0.09404540295119182,0.32801135073779797
dev_006.csv,0.09803204601479046,-0.09870172555464257,0.09803204601479046,0.07395234182415776,0.9260476581758422,0.0,1.0,0.0,0.0,0.003685354215770012,0.00381163466299788,0.02800000000000001,0.146,-0.08958108108108108,0.05056756756756757,-0.08958108108108108,0.05056756756756757
dev_007.csv,0.04628953068592057,0.015505415162454877,0.04628953068592057,0.7711191335740072,0.22671480144404332,0.0021660649819494585,0.6815884476534296,0.30324909747292417,0.01516245487364621,0.004183436567475638,0.014716950070950106,0.268,0.709,0.04831615720524018,0.040475982532751094,0.04831615720524018,0.040475982532751094
dev_008.csv,0.2164778812572759,0.050912107101280565,0.2164778812572759,0.7636786961583236,0.2217694994179278,0.014551804423748545,0.9866123399301513,0.0034924330616996507,0.00989522700814901,0.00793416874092737,0.005499138415543259,0.19,0.29400000000000004,0.1007830739299611,0.17835408560311286,0.1007830739299611,0.17835408560311286
dev_009.csv,0.15785721906116643,-0.08595679231863443,0.15785721906116643,0.015469416785206259,0.9793741109530584,0.005156472261735419,0.991642958748222,0.004623044096728307,0.0037339971550497866,0.003815285168154618,0.009370134865179815,0.41900000000000004,0.632,-0.12074862183020948,0.11673980154355017,-0.12074862183020948,0.11673980154355017
dev_010.csv,0.05024972375690607,-0.09876132596685083,0.05024972375690607,0.0011049723756906078,0.9977900552486187,0.0011049723756906078,0.6088397790055249,0.3889502762430939,0.0022099447513812156,0.0007085757150540261,0.013609019427467856,0.203,0.435,-0.07432978723404256,0.014893617021276605,-0.07432978723404256,0.014893617021276605
dev_011.csv,0.18852609308885757,-0.06658180535966149,0.18852609308885757,0.0,1.0,0.0,1.0,0.0,0.0,0.0008599724845294843,0.008647933334195989,0.227,0.29000000000000004,-0.04043409090909091,0.13722045454545453,-0.04043409090909091,0.13722045454545453
dev_012.csv,-0.009207888249794577,-0.17185784716516023,-0.009207888249794577,0.0,1.0,0.0,0.27280197206244866,0.7099424815119145,0.01725554642563681,0.000311028295690438,0.0006011927666717122,0.09199999999999998,0.14900000000000002,-0.17513684210526315,-0.02111842105263158,-0.17513684210526315,-0.02111842105263158
dev_013.csv,0.10738330757341574,-0.03746676970633694,0.10738330757341574,0.02627511591962906,0.973724884080371,0.0,1.0,0.0,0.0,0.001314289528713137,0.0017131376775879148,0.10099999999999999,0.28300000000000003,0.0007684964200477323,0.09736276849642005,0.0007684964200477323,0.09736276849642005
dev_014.csv,0.23370302321697012,-0.16315400033405714,0.23370302321697012,0.0005010856856522465,0.9994989143143478,0.0,0.9936529146484049,0.0063470853515951225,0.0,0.005849303042380885,0.012854537249462034,0.08700000000000002,0.363,-0.1687142857142857,0.30794285714285713,-0.1687142857142857,0.30794285714285713
dev_015.csv,0.17566706021251477,-0.010841204250295158,0.17566706021251477,0.46221959858323497,0.5247933884297521,0.012987012987012988,1.0,0.0,0.0,0.004151038561100608,0.007620300190171212,0.548,0.391,0.03039946380697051,0.21096380697050937,0.03039946380697051,0.21096380697050937
dev_016.csv,0.16306365503080084,-0.11677310061601644,0.16306365503080084,0.001026694045174538,0.997946611909651,0.001026694045174538,1.0,0.0,0.0,0.0007126339724934632,0.006616988749628048,0.109,0.34500000000000003,-0.10419011976047905,0.132625748502994,-0.10419011976047905,0.132625748502994
dev_017.csv,0.09485014137606032,-0.019070216776625824,0.09485014137606032,0.25282752120640906,0.7417530631479736,0.005419415645617342,0.8991517436380773,0.10014137606032045,0.000706880301602262,0.002246164288333859,0.007577150292226055,0.12200000000000001,0.332,-0.03292513863216266,-0.025094269870609975,-0.03292513863216266,-0.025094269870609975
dev_018.csv,0.1506957478005865,-0.2069351173020528,0.1506957478005865,0.006598240469208211,0.9934017595307918,0.0,1.0,0.0,0.0,0.004533504863707591,0.0021732166711913793,0.588,0.731,-0.22354886363636364,0.14295795454545454,-0.22354886363636364,0.14295795454545454
dev_019.csv,0.2194558823529412,-0.016173076923076925,0.2194558823529412,0.15384615384615385,0.8416289592760181,0.004524886877828055,1.0,0.0,0.0,0.00034546151668263795,0.0017924272700019985,0.109,0.22100000000000003,-0.025710164835164837,0.24551785714285718,-0.025710164835164837,0.24551785714285718
dev_020.csv,0.11804703247480403,-0.0019753639417693153,0.11804703247480403,0.568868980963046,0.42665173572228443,0.004479283314669653,0.9977603583426652,0.0022396416573348264,0.0,0.0029792908722048425,0.0007969798482467018,0.318,0.48300000000000004,-0.014599040438656612,0.0770373543522961,-0.014599040438656612,0.0770373543522961
dev_021.csv,0.2785319012504008,-0.06426675216415519,0.2785319012504008,0.04905418403334402,0.9454953510740622,0.0054504648925937805,1.0,0.0,0.0,0.0024024060494545934,0.007505773757480943,0.48600000000000004,0.597,-0.0673117903930131,0.2864305676855895,-0.0673117903930131,0.2864305676855895
dev_022.csv,0.18243877019280877,-0.058228243877019276,0.18243877019280877,0.061490359562272015,0.938509640437728,0.0,1.0,0.0,0.0,0.0014250855209498774,0.012086892886078027,0.072,0.159,-0.11749999999999998,0.1558150684931507,-0.11749999999999998,0.1558150684931507
dev_023.csv,0.20415551181102362,-0.1119803149606299,0.20415551181102362,0.11220472440944881,0.8877952755905512,0.0,1.0,0.0,0.0,0.010038665621969664,0.001149079240525969,0.087,0.12600000000000003,-0.0773503448275862,0.22093103448275864,-0.0773503448275862,0.22093103448275864
dev_024.csv,-0.0013766233766233764,-0.11711688311688312,-0.0013766233766233764,0.0,1.0,0.0,0.6233766233766234,0.35064935064935066,0.025974025974025976,0.00011731510594668493,0.00016105365686944637,0.054000000000000006,0.087,-0.12670916334661356,0.0091394422310757,-0.12670916334661356,0.0091394422310757
dev_025.csv,0.013390814558058925,-0.17366291161178507,0.013390814558058925,0.0,1.0,0.0,0.6325823223570191,0.34488734835355284,0.022530329289428077,0.0005464977212636464,0.0006620873743576021,0.103,0.109,-0.1625876712328767,-0.013972602739726026,-0.1625876712328767,-0.013972602739726026
dev_026.csv,0.1358189376443418,0.09826327944572749,0.1358189376443418,0.9191685912240185,0.0789838337182448,0.0018475750577367205,1.0,0.0,0.0,0.0021797273247301,0.01852396165598733,0.34299999999999997,0.565,0.1160138592750533,0.14286673773987207,0.1160138592750533,0.14286673773987207
dev_027.csv,0.2625329002514669,0.0038836965632858315,0.2625329002514669,0.5613998323554066,0.365046102263202,0.07355406538139145,0.9266554903604359,0.0014668901927912825,0.07187761944677284,0.010103984584278476,0.02747278764088462,0.197,0.29000000000000004,-0.0019257142857142856,0.29821999999999993,-0.0019257142857142856,0.29821999999999993
dev_028.csv,0.1615913447574789,-0.034800174266627945,0.1615913447574789,0.3575370316584374,0.6261980830670927,0.01626488527446994,1.0,0.0,0.0,0.00428285546772093,0.004486018600253856,0.22899999999999998,0.308,-0.02612536162005786,0.1917675988428158,-0.02612536162005786,0.1917675988428158
dev_029.csv,0.2276783771532185,-0.02938417951042611,0.2276783771532185,0.4390299184043518,0.5564369900271986,0.004533091568449683,0.9995466908431551,0.00045330915684496827,0.0,0.004867420951196967,0.002892035052636688,0.109,0.24500000000000002,0.05257191011235956,0.19081235955056178,0.05257191011235956,0.19081235955056178
dev_030.csv,0.10993784615384615,-0.12415076923076923,0.10993784615384615,0.048615384615384616,0.9403076923076923,0.011076923076923076,0.8578461538461538,0.12984615384615383,0.012307692307692308,0.013901256195528611,0.011201676553239866,0.313,0.32700000000000007,-0.1226069730586371,0.1066093502377179,-0.1226069730586371,0.1066093502377179
dev_031.csv,0.05497763419483102,-0.029313121272365805,0.05497763419483102,0.11481113320079522,0.8797216699801192,0.0054671968190854875,0.8205765407554672,0.17395626242544732,0.0054671968190854875,0.0005676363667819041,0.0048290522096164955,0.097,0.43,-0.05237927461139897,0.029271502590673574,-0.05237927461139897,0.029271502590673574
dev_032.csv,0.22516994633273704,0.13608855098389983,0.22516994633273704,1.0,0.0,0.0,1.0,0.0,0.0,0.0008687468517928322,0.004782227135359693,0.175,0.323,0.16322625698324023,0.24437569832402237,0.16322625698324023,0.24437569832402237
dev_033.csv,0.20460231457127825,-0.051643871646501846,0.20460231457127825,0.12204103103629668,0.8779589689637033,0.0,1.0,0.0,0.0,0.005308570474265624,0.006303137552534678,0.26,0.321,-0.07870588235294118,0.1860564061240935,-0.07870588235294118,0.1860564061240935
dev_034.csv,0.20198857644991214,-0.08238620386643235,0.20198857644991214,0.07337434094903339,0.9209138840070299,0.0057117750439367315,1.0,0.0,0.0,0.005010295176616002,0.005482020968346241,0.161,0.47000000000000003,-0.0012084548104956264,0.11524927113702625,-0.0012084548104956264,0.11524927113702625
dev_035.csv,0.3104092526690391,-0.08952669039145907,0.3104092526690391,0.020462633451957295,0.9777580071174378,0.0017793594306049821,1.0,0.0,0.0,0.008152215671672538,0.0031428973675621035,0.267,0.22799999999999995,-0.0765345957756737,0.2806030589949017,-0.0765345957756737,0.2806030589949017
dev_036.csv,0.2188936041224613,-0.04754471051833889,0.2188936041224613,0.15368293422249166,0.8429827220369809,0.0033343437405274324,1.0,0.0,0.0,0.0031611431640990117,0.0010563364630221304,0.30000000000000004,0.255,-0.06543894736842105,0.2211642105263158,-0.06543894736842105,0.2211642105263158
dev_037.csv,0.18323898305084746,0.07698601694915255,0.18323898305084746,0.8207627118644067,0.17711864406779662,0.00211864406779661,0.9995762711864407,0.000423728813559322,0.0,0.008382005315201068,0.004807102676371056,0.464,0.57,0.05060637168141593,0.15187433628318583,0.05060637168141593,0.15187433628318583
dev_038.csv,0.22290706955530215,-0.11318529076396806,0.22290706955530215,0.0,1.0,0.0,1.0,0.0,0.0,0.0017091812780956703,0.009771161353301491,0.276,0.555,-0.12122071428571429,0.19979785714285714,-0.12122071428571429,0.19979785714285714
dev_039.csv,0.13749573055028463,-0.12247865275142318,0.13749573055028463,0.0,1.0,0.0,1.0,0.0,0.0,0.0010760028663378332,0.007795897940946823,0.086,0.406,-0.0931206675224647,0.0844788189987163,-0.0931206675224647,0.0844788189987163
dev_040.csv,0.2537786815068493,-0.07818022260273974,0.2537786815068493,0.12585616438356165,0.8707191780821918,0.003424657534246575,1.0,0.0,0.0,0.005016328533740577,0.009204789969310082,0.43999999999999995,0.514,-0.0831194234728895,0.24032395332875772,-0.0831194234728895,0.24032395332875772
dev_041.csv,0.11385790884718497,0.004500268096514747,0.11385790884718497,0.7329758713136729,0.257372654155496,0.0096514745308311,1.0,0.0,0.0,0.0012229067864087725,0.00845294278210542,0.085,0.463,0.023421792618629176,0.10066959578207382,0.023421792618629176,0.10066959578207382
dev_042.csv,0.11206293103448275,-0.009600000000000001,0.11206293103448275,0.3413793103448276,0.6448275862068965,0.013793103448275862,1.0,0.0,0.0,0.0013799106125970669,0.015639291118235105,0.096,0.239,0.020336734693877548,0.058714285714285726,0.020336734693877548,0.058714285714285726
dev_043.csv,0.07366370558375634,-0.02863705583756345,0.07366370558375634,0.399746192893401,0.5824873096446701,0.017766497461928935,0.9073604060913706,0.0850253807106599,0.007614213197969543,0.0021241451054250867,0.0020249655425409094,0.192,0.327,-0.023359630032644175,0.003125680087051145,-0.023359630032644175,0.003125680087051145
dev_044.csv,0.4280072347266881,-0.07413585209003215,0.4280072347266881,0.006430868167202572,0.9927652733118971,0.0008038585209003215,1.0,0.0,0.0,0.0007088656806088371,0.01148649150031171,0.248,0.48200000000000004,-0.06601036757775683,0.40743638077285577,-0.06601036757775683,0.40743638077285577
dev_045.csv,0.20354159254996337,-0.2686218478602072,0.20354159254996337,0.00010463534581981794,0.9987443758501622,0.0011509888040179973,0.9504028460814063,0.04813225907711625,0.001464894841477451,0.019120757990599296,0.011414839129024835,0.325,0.712,-0.22151559100797677,0.18277664974619287,-0.22151559100797677,0.18277664974619287
dev_046.csv,0.13633267716535433,-0.028368110236220476,0.13633267716535433,0.04133858267716536,0.9468503937007874,0.011811023622047244,1.0,0.0,0.0,0.00024175204608044683,0.0027050872464217846,0.119,0.18300000000000002,-0.03441199736321688,0.06994001318391561,-0.03441199736321688,0.06994001318391561
dev_047.csv,0.15387137452711222,-0.10819293820933165,0.15387137452711222,0.0,1.0,0.0,1.0,0.0,0.0,0.0013686782087747285,0.00031114937564891544,0.14200000000000002,0.075,-0.09595896032831736,0.13392886456908346,-0.09595896032831736,0.13392886456908346
dev_048.csv,0.07539200000000001,-0.035264000000000004,0.07539200000000001,0.0,1.0,0.0,1.0,0.0,0.0,7.414748387096776e-05,0.0006205305806451615,0.062,0.17400000000000002,-0.0340255905511811,0.08086811023622047,-0.0340255905511811,0.08086811023622047
dev_049.csv,0.01586044362292052,-0.11135489833641404,0.01586044362292052,0.0,1.0,0.0,0.8521256931608133,0.1321626617375231,0.015711645101663587,0.0001497536716362785,0.00032527097778636545,0.06500000000000002,0.11900000000000002,-0.11441724137931034,0.006586206896551723,-0.11441724137931034,0.006586206896551723
dev_050.csv,0.21799497550558977,-0.04092011053887702,0.21799497550558977,0.2317548046727798,0.7623414143951764,0.005903780932043713,0.993468157266675,0.006280618012812461,0.00025122472051249844,0.004887878038982754,0.007316292939575406,0.31599999999999995,0.643,-0.010044692737430165,0.14363407821229052,-0.010044692737430165,0.14363407821229052
dev_051.csv,0.19374716258717353,-0.33252851087105156,0.19374716258717353,0.0,1.0,0.0,0.999042800492274,0.0009571995077259674,0.0,0.021343533958627373,0.005272941671720962,0.433,0.569,-0.2821171729696218,0.15221698698078115,-0.2821171729696218,0.15221698698078115
dev_052.csv,0.17373940886699507,-0.03259162561576355,0.17373940886699507,0.08916256157635467,0.8960591133004926,0.014778325123152709,1.0,0.0,0.0,0.0011938878549213744,0.0016306245181324005,0.083,0.201,-0.025805714285714286,0.1581314285714286,-0.025805714285714286,0.1581314285714286
dev_053.csv,0.2760117122141662,0.027343558282208594,0.2760117122141662,0.7629670942554378,0.22866703848298942,0.008365867261572783,1.0,0.0,0.0,0.0046661218571976346,0.0037572548850689194,0.069,0.223,0.03864900662251656,0.2333298013245033,0.03864900662251656,0.2333298013245033
dev_054.csv,0.22000529801324506,-0.03467284768211921,0.22000529801324506,0.031788079470198675,0.9655629139072848,0.0026490066225165563,1.0,0.0,0.0,0.0005374326172115166,0.003197957531575527,0.23399999999999999,0.375,-0.020277511961722495,0.21785765550239233,-0.020277511961722495,0.21785765550239233
dev_055.csv,0.14885135623869802,-0.10701916817359856,0.14885135623869802,0.09945750452079566,0.8980108499095841,0.002531645569620253,0.9945750452079566,0.0054249547920434,0.0,0.013823009400899706,0.0020913422241006165,0.222,0.16,-0.026750000000000003,0.16120200892857145,-0.026750000000000003,0.16120200892857145
dev_056.csv,0.094464759959142,-0.002818692543411642,0.094464759959142,0.38202247191011235,0.6031664964249234,0.01481103166496425,0.9816138917262512,0.01787538304392237,0.0005107252298263534,0.0012012808563377168,0.003606391961388441,0.165,0.238,-0.011964615384615386,0.012090769230769231,-0.011964615384615386,0.012090769230769231
dev_057.csv,0.1467781952171086,-0.22708597644678852,0.1467781952171086,0.026732172530886496,0.9702333646412832,0.003034462827830359,0.9961707969077379,0.0007224911494834188,0.003106711942778701,0.007358758503470259,0.0041003242094881775,0.158,0.302,-0.17521093749999997,0.16853794642857145,-0.17521093749999997,0.16853794642857145
dev_058.csv,0.0994504968715495,-0.026509385351490618,0.0994504968715495,0.09679793890320205,0.8866396761133604,0.016562384983437616,0.9407434670592565,0.051159366948840636,0.008097165991902834,0.0017028869700565312,0.004740602574311201,0.091,0.34900000000000003,-0.04049261083743843,0.10534113300492612,-0.04049261083743843,0.10534113300492612
dev_059.csv,-0.03185976355483082,-0.1920819404810436,-0.03185976355483082,0.0,1.0,0.0,0.11903791275988586,0.8777007745617611,0.003261312678353037,0.0030472661215184787,0.001985851451330694,0.067,0.10200000000000001,-0.1954966352624495,-0.01795827725437416,-0.1954966352624495,-0.01795827725437416
dev_060.csv,0.22779402148528724,-0.10558430639887902,0.22779402148528724,0.003269500233535731,0.9967304997664642,0.0,1.0,0.0,0.0,0.0022391018844369164,0.0040545748427453345,0.132,0.201,-0.09208682634730539,0.24964071856287423,-0.09208682634730539,0.24964071856287423
test_001.csv,-0.10323073194377119,-0.021160445952496366,-0.10323073194377119,0.30683470673776053,0.6766844401357247,0.016480853126514785,0.07222491517207949,0.9263208919049928,0.001454192922927775,0.0010909727897137366,0.005392982624439751,0.178,0.569,0.0035717310746426686,-0.1721784012705135,0.0035717310746426686,-0.1721784012705135
test_002.csv,0.04519463087248322,-0.057943043714855806,0.04519463087248322,0.04117540359151097,0.9524759658987847,0.006348630509704335,0.8124433157990205,0.18501723199709777,0.002539452203881734,0.002008353068890867,0.002615693062604102,0.055,0.109,-0.010800448430493275,0.0012982062780269052,-0.010800448430493275,0.0012982062780269052
test_003.csv,0.1202372583479789,-0.019703866432337437,0.1202372583479789,0.08260105448154657,0.9072934973637962,0.010105448154657293,1.0,0.0,0.0,0.0002413197388902838,0.0007807296177987215,0.07999999999999999,0.125,-0.0036919431279620854,0.1148744075829384,-0.0036919431279620854,0.1148744075829384
test_004.csv,0.11175602294455066,0.05307342256214148,0.11175602294455066,0.8753346080305927,0.12466539196940726,0.0,0.9391969407265774,0.05812619502868069,0.0026768642447418736,0.0040508775450910734,0.007374678784483021,0.151,0.612,0.07242617046818726,0.0584561824729892,0.07242617046818726,0.0584561824729892
test_005.csv,0.1536742493175614,-0.13231437670609644,0.1536742493175614,0.0,1.0,0.0,1.0,0.0,0.0,0.00044401901033049024,0.005842513774470357,0.123,0.184,-0.13127714932126697,0.18040045248868777,-0.13127714932126697,0.18040045248868777
test_006.csv,0.09949374039095102,0.0288343949044586,0.09949374039095102,0.855699538765649,0.13837030529321326,0.0059301559411377115,0.9806720843399956,0.018010103228640457,0.001317812431363936,0.0015709589485408534,0.005426261439279687,0.31800000000000006,0.46299999999999997,0.011523054223533752,0.10455514570269274,0.011523054223533752,0.10455514570269274
test_007.csv,0.1132466895537028,-0.0067366356056890635,0.1132466895537028,0.36488474742520843,0.6243256498283473,0.010789602746444336,1.0,0.0,0.0,0.0004806739810207335,0.004373170223333901,0.05,0.179,-0.003423943661971831,0.062128169014084515,-0.003423943661971831,0.062128169014084515
test_008.csv,0.21858757515030058,-0.051683767535070146,0.21858757515030058,0.18957915831663327,0.8024048096192384,0.008016032064128256,0.9995991983967936,0.0,0.0004008016032064128,0.002884083196706163,0.006505855098167468,0.32399999999999995,0.7170000000000001,-0.011743729552889857,0.24224863685932388,-0.011743729552889857,0.24224863685932388
test_009.csv,0.11859714758164534,0.09330611823067382,0.11859714758164534,1.0,0.0,0.0,0.9770566349731294,0.02252997106242249,0.00041339396444811904,0.00020027364872862756,0.005148854629033828,0.10300000000000001,0.49400000000000005,0.08182616179001721,0.13858347676419966,0.08182616179001721,0.13858347676419966
test_010.csv,0.0325,0.021,0.0325,1.0,0.0,0.0,1.0,0.0,0.0,0.0,5.000000000000009e-07,0.127,0.504,0.01526052779337451,0.043456485120718695,0.01526052779337451,0.043456485120718695
test_011.csv,0.0415614902109865,0.02030887663942216,0.0415614902109865,0.6637521383767344,0.3225622505227143,0.013685611100551226,0.7513780650066527,0.23360577836913135,0.015016156624215928,0.0011366207367796458,0.003948395315193299,0.07400000000000001,0.18400000000000002,-0.001041478809738503,0.010949504057709648,-0.001041478809738503,0.010949504057709648
test_012.csv,0.20776769596199524,0.09161377672209026,0.20776769596199524,1.0,0.0,0.0,1.0,0.0,0.0,0.0004957599812143818,0.0013357497164094183,0.097,0.238,0.09663505154639175,0.1951463917525773,0.09663505154639175,0.1951463917525773
test_013.csv,0.030075429975429977,0.05734570024570025,0.030075429975429977,0.9415233415233415,0.05528255528255528,0.0031941031941031942,0.8184275184275184,0.1683046683046683,0.013267813267813268,0.0016247226836456853,0.001431367373555553,0.08,0.181,0.12715180265654652,0.02335483870967742,0.12715180265654652,0.02335483870967742
test_014.csv,0.2700868665977249,-0.03013495346432265,0.2700868665977249,0.04239917269906929,0.9513960703205792,0.0062047569803516025,1.0,0.0,0.0,0.0004584572049383402,0.0010697627555155632,0.122,0.15900000000000003,-0.023680892337536372,0.27327934044616875,-0.023680892337536372,0.27327934044616875
test_015.csv,0.19598524186936322,-0.07123148401202516,0.19598524186936322,0.013391637059305822,0.9863350642251981,0.00027329871549603714,1.0,0.0,0.0,0.001723481392302301,0.0025165673053747805,0.041,0.14600000000000002,-0.04597609561752988,0.09807968127490041,-0.04597609561752988,0.09807968127490041
test_016.csv,0.021893870736942524,-0.05026329596947294,0.021893870736942524,0.027188170760791795,0.9716193656093489,0.0011924636298592892,0.5230145480562843,0.4679227283567851,0.009062723586930598,0.0012847436357942969,0.006029889735801031,0.07500000000000001,0.278,-0.03477571669477234,-0.02956829679595278,-0.03477571669477234,-0.02956829679595278
test_017.csv,-0.11377570093457944,-0.061628324946081954,-0.11377570093457944,0.0,1.0,0.0,0.004313443565780014,0.99568655643422,0.0,0.00018644808920656445,0.0015735942580515027,0.192,0.317,-0.04633088235294118,-0.12337867647058823,-0.04633088235294118,-0.12337867647058823
test_018.csv,0.037166467065868264,0.18661856287425152,0.037166467065868264,1.0,0.0,0.0,0.7332335329341317,0.25733532934131736,0.009431137724550898,0.0005889366818690809,0.004666001630277399,0.18699999999999997,0.574,0.1877768729641694,0.0027214983713354994,0.1877768729641694,0.0027214983713354994
test_019.csv,0.1319477451682176,-0.05456907659269864,0.1319477451682176,0.11739441660701504,0.882605583392985,0.0,0.9362920544022906,0.06370794559770938,0.0,0.0015033757765822381,0.017462946407877707,0.198,0.514,-0.07007349298100744,0.09952848885218828,-0.07007349298100744,0.09952848885218828
test_020.csv,0.07473862158647594,-0.1015039011703511,0.07473862158647594,0.010403120936280884,0.9895968790637191,0.0,0.9993498049414824,0.0006501950585175553,0.0,0.0021169528149596467,0.0004317663798814337,0.19,0.166,-0.05126676602086438,0.06414008941877795,-0.05126676602086438,0.06414008941877795
test_021.csv,0.4547556179775281,-0.011511235955056182,0.4547556179775281,0.48314606741573035,0.4803370786516854,0.03651685393258427,0.9662921348314607,0.0,0.033707865168539325,0.009184639310017407,0.015623204897926886,0.136,0.528,0.0486125,0.42390000000000005,0.0486125,0.42390000000000005
test_022.csv,0.1087787659811006,-0.04191606448026682,0.1087787659811006,0.15230683713173984,0.8476931628682601,0.0,0.9877709838799333,0.011673151750972763,0.0005558643690939411,0.003395692061032547,0.004340426000478575,0.34299999999999997,0.362,-0.045902584493041756,0.16178330019880718,-0.045902584493041756,0.16178330019880718
test_023.csv,0.27491540560654926,0.05665889357479534,0.27491540560654926,0.9801538079880923,0.019101959811461174,0.0007442322004465393,1.0,0.0,0.0,0.0009403846100906558,0.009139049169556282,0.17900000000000002,0.4929999999999999,0.06986836935166994,0.2338172888015717,0.06986836935166994,0.2338172888015717
test_024.csv,0.005245234708392604,-0.12914452347083927,0.005245234708392604,0.0002844950213371266,0.9997155049786629,0.0,0.6025604551920342,0.3809388335704125,0.016500711237553343,0.004646499311917137,0.0012744031325217316,0.12,0.07500000000000001,-0.08060941828254846,0.004916897506925208,-0.08060941828254846,0.004916897506925208
test_025.csv,0.1117217021276596,-0.007714042553191488,0.1117217021276596,0.4646808510638298,0.49106382978723406,0.04425531914893617,1.0,0.0,0.0,0.00041398459820943115,0.0017438296393490157,0.059,0.112,0.008442748091603055,0.1184942748091603,0.008442748091603055,0.1184942748091603
test_026.csv,0.26590629921259845,-0.05971850393700787,0.26590629921259845,0.0027559055118110236,0.997244094488189,0.0,1.0,0.0,0.0,0.00036454656570104773,0.003543107404179833,0.424,0.57,-0.05705677114133649,0.28505322294500296,-0.05705677114133649,0.28505322294500296
test_027.csv,0.031364578426754594,-0.16320678285445125,0.031364578426754594,0.0,1.0,0.0,0.939707960433349,0.054168629298162976,0.006123410268487989,0.002650698502510319,0.00044582272210070287,0.181,0.189,-0.0981488011283498,0.03641255289139634,-0.0981488011283498,0.03641255289139634
test_028.csv,0.08938083538083538,-0.06943243243243244,0.08938083538083538,0.014742014742014743,0.9828009828009828,0.002457002457002457,0.8869778869778869,0.11056511056511056,0.002457002457002457,0.0011968125416056453,0.008237177267280717,0.846,0.532,-0.077081307627829,0.09216429170159263,-0.077081307627829,0.09216429170159263
test_029.csv,-0.04917253121452894,-0.012451759364358684,-0.04917253121452894,0.4086265607264472,0.5743473325766175,0.0170261066969353,0.20885357548240635,0.7877412031782066,0.00340522133938706,0.0008234729542874831,0.0064401883809720355,0.08499999999999999,0.40800000000000003,0.0006538024971623158,-0.07405561861521,0.0006538024971623158,-0.07405561861521
test_030.csv,0.1105616242493566,0.029680011438375755,0.1105616242493566,0.8578781812982557,0.1369745496139548,0.005147269087789534,1.0,0.0,0.0,0.0007875551867275579,0.0023464350600612876,0.14100000000000001,0.28500000000000003,0.04845138178096213,0.09832855680655067,0.04845138178096213,0.09832855680655067
test_031.csv,0.03637580886012942,-0.07278944748631158,0.03637580886012942,0.0,1.0,0.0,0.8412145345943255,0.1488302638128422,0.009955201592832254,0.00023598004795154877,0.0013907745340192242,0.046,0.14700000000000002,-0.062912,0.044128,-0.062912,0.044128
test_032.csv,0.002774766355140188,-0.10679439252336449,0.002774766355140188,0.0,1.0,0.0,0.41682242990654206,0.5766355140186916,0.0065420560747663555,0.0016744029619786157,0.009439590943584274,0.187,0.507,-0.09266451016635859,-0.01780314232902033,-0.09266451016635859,-0.01780314232902033
test_033.csv,0.17694820648917042,-0.1889780840681449,0.17694820648917042,0.07756185258111463,0.9160174642581971,0.006420683160688297,0.9684958479582227,0.025853950860371542,0.005650201181405702,0.020839353800472707,0.00986513764254502,0.44399999999999995,0.678,-0.18087347767253045,0.12856562922868742,-0.18087347767253045,0.12856562922868742
test_034.csv,0.22456820622986037,-0.06672610096670248,0.22456820622986037,0.036949516648764766,0.961546723952739,0.0015037593984962407,0.9974221267454351,0.0012889366272824919,0.0012889366272824919,0.0017047988351380626,0.015877457691130643,0.055,0.152,-0.060297872340425544,0.08897872340425529,-0.060297872340425544,0.08897872340425529
test_035.csv,0.028804467084639504,-0.051830721003134794,0.028804467084639504,0.0023510971786833857,0.9976489028213166,0.0,0.9392633228840125,0.050156739811912224,0.010579937304075235,0.0005620560060656035,0.0011632918185320402,0.06999999999999999,0.22799999999999998,-0.030158600148920328,0.011574832464631424,-0.030158600148920328,0.011574832464631424
test_036.csv,0.14316071824429172,-0.19693903790733763,0.14316071824429172,0.0,1.0,0.0,0.9909111061848814,0.009088893815118598,0.0,0.004420379209628494,0.006533902545293323,0.183,0.464,-0.16967307692307693,0.11664297658862875,-0.16967307692307693,0.11664297658862875
test_037.csv,0.023399064171122995,-0.035524732620320854,0.023399064171122995,0.34024064171123,0.641042780748663,0.01871657754010695,0.8622994652406417,0.12366310160427807,0.014037433155080214,0.004189068284209396,0.0018310212432707963,0.131,0.19,0.013919719407638349,-0.015948558067030397,0.013919719407638349,-0.015948558067030397
test_038.csv,0.16776273803396807,-0.0828121461657231,0.16776273803396807,0.06742151312403499,0.9274318064848173,0.0051466803911477095,1.0,0.0,0.0,0.007023468812229912,0.003241812369842255,0.23099999999999998,0.15699999999999997,-0.031968580715059584,0.1443141928494041,-0.031968580715059584,0.1443141928494041
test_039.csv,0.13259487355926372,-0.09079442628591089,0.13259487355926372,0.011869946671254086,0.9879580251161191,0.0001720282126268708,0.926715981420953,0.07018751075176329,0.0030965078272836744,0.0016748553577790187,0.008856133332283557,0.115,0.257,-0.052311926605504586,0.10201651376146789,-0.052311926605504586,0.10201651376146789
test_040.csv,0.15549374217772213,-0.011603254067584482,0.15549374217772213,0.41364205256570713,0.5725907384230288,0.01376720901126408,1.0,0.0,0.0,0.0016824711728734183,0.00622177923445321,0.242,0.33699999999999997,0.011008684863523575,0.16691563275434243,0.011008684863523575,0.16691563275434243
test_041.csv,0.027221332479180013,-0.20629820627802695,0.027221332479180013,0.003523382447149263,0.9964766175528508,0.0,0.8039718129404229,0.18481742472773863,0.011210762331838564,0.006453138535711361,0.002158942024753889,0.19400000000000003,0.203,-0.21473910614525138,0.015302234636871512,-0.21473910614525138,0.015302234636871512
test_042.csv,0.17862326869806092,0.022554016620498617,0.17862326869806092,0.7622765046587762,0.23419793502895997,0.0035255603122639136,0.9992445227902291,0.0007554772097708386,0.0,0.0019513479001095479,0.004974205141050956,0.14700000000000002,0.44599999999999995,0.04509341500765697,0.1516707503828484,0.04509341500765697,0.1516707503828484
test_043.csv,0.38526290059750135,-0.019736556219445953,0.38526290059750135,0.2080391091797936,0.7838131450298751,0.008147745790331342,1.0,0.0,0.0,0.0011835626248730606,0.0038350373674515283,0.123,0.33,-0.026007386363636364,0.37709261363636365,-0.026007386363636364,0.37709261363636365
test_044.csv,0.24101322482197354,0.07394608341810784,0.24101322482197354,0.953204476093591,0.04679552390640895,0.0,1.0,0.0,0.0,0.0012638209189624846,0.0005935161182050045,0.33999999999999997,0.492,0.09365703634669152,0.28654799627213423,0.09365703634669152,0.28654799627213423
test_045.csv,0.023064587973273945,-0.15766146993318486,0.023064587973273945,0.0019090041361756285,0.9980909958638243,0.0,0.7868278714603881,0.20299077314667516,0.010181355392936684,0.006993465882879979,0.0012462533063785565,0.186,0.174,-0.09812479740680712,0.0038995137763371147,-0.09812479740680712,0.0038995137763371147
test_046.csv,0.23765082916556987,0.25020742300605425,0.23765082916556987,1.0,0.0,0.0,1.0,0.0,0.0,0.007563841924620564,0.0037739013623504345,0.483,0.5980000000000001,0.26225572979493367,0.21303679131483713,0.26225572979493367,0.21303679131483713
test_047.csv,0.13410630823277836,-0.2555953108293875,0.13410630823277836,0.029631892469833512,0.9699862532457614,0.00038185428440507105,0.9692225446769512,0.030013746754238582,0.0007637085688101421,0.014770666046901764,0.006917337357285567,0.639,0.488,-0.23012271186440678,0.1562027118644068,-0.23012271186440678,0.1562027118644068
test_048.csv,0.18473447877562807,0.0794819520646838,0.18473447877562807,0.9396477043026278,0.05948599480219463,0.0008663008951775916,1.0,0.0,0.0,0.0019346404684488215,0.013594713748226479,0.298,0.33699999999999997,0.11262019230769231,0.13725865384615385,0.11262019230769231,0.13725865384615385
test_049.csv,-0.04856402248594629,0.04397376639600249,-0.04856402248594629,1.0,0.0,0.0,0.008744534665833853,0.9906308557151781,0.0006246096189881324,6.666556136789507e-05,0.00026811230480949403,0.05900000000000001,0.14200000000000002,0.06926521060842433,-0.03981123244929797,0.06926521060842433,-0.03981123244929797
test_050.csv,0.18786249245017114,0.02007106905576807,0.18786249245017114,0.931950875780149,0.058586672035433864,0.009462452184417153,1.0,0.0,0.0,0.00022675028445898397,0.0025242905924976783,0.181,0.45899999999999996,0.02096715328467153,0.15538503649635038,0.02096715328467153,0.15538503649635038
test_051.csv,0.1371221905101677,-0.15005351409204426,0.1371221905101677,0.12183374955404923,0.8455226542989654,0.03264359614698537,0.8985016054227614,0.06903317873706742,0.032465215840171244,0.024102479918960282,0.01528372512033907,0.8500000000000001,0.575,-0.153392464678179,0.08162951334379906,-0.153392464678179,0.08162951334379906
test_052.csv,0.14862455892731122,0.009187367678193368,0.14862455892731122,0.6104446012702893,0.3761467889908257,0.013408609738884969,0.984121383203952,0.004940014114326041,0.010938602681721948,0.00949033445385206,0.004983306929297091,0.542,0.5770000000000001,0.005353363228699554,0.26925739910313906,0.005353363228699554,0.26925739910313906
test_053.csv,0.22998173322005094,-0.08160535259133389,0.22998173322005094,0.051826677994902294,0.9481733220050977,0.0,1.0,0.0,0.0,0.00310949612093385,0.0036539269929997706,0.138,0.276,-0.07400405679513185,0.22684178498985802,-0.07400405679513185,0.22684178498985802
test_054.csv,0.1062590729428674,-0.07053611210923463,0.1062590729428674,0.0007186489399928135,0.9992813510600072,0.0,1.0,0.0,0.0,0.0003733925667624094,0.0006593925982775675,0.063,0.083,-0.051551724137931035,0.08600689655172412,-0.051551724137931035,0.08600689655172412
train_001.csv,0.17320869565217392,-0.014396837944664034,0.17320869565217392,0.6245059288537549,0.3731225296442688,0.0023715415019762848,1.0,0.0,0.0,0.006412255369740332,0.00808201495597138,0.27499999999999997,0.45699999999999996,0.0057583716349310565,0.15056073539067633,0.0057583716349310565,0.15056073539067633
train_002.csv,0.1813729792147806,-0.016513856812933027,0.1813729792147806,0.5554272517321016,0.4376443418013857,0.006928406466512702,0.9942263279445728,0.005773672055427252,0.0,0.00568925587713092,0.006667940494466619,0.17200000000000001,0.21600000000000003,0.011649025069637881,0.10574094707520891,0.011649025069637881,0.10574094707520891
train_003.csv,0.2726354865771812,0.04549748322147651,0.2726354865771812,0.8615771812080537,0.13464765100671142,0.0037751677852348995,1.0,0.0,0.0,0.0015266269344940528,0.009576989608827347,0.174,0.388,0.04717721518987342,0.23282278481012658,0.04717721518987342,0.23282278481012658
train_004.csv,0.2999399361750627,-0.0006260542511967179,0.2999399361750627,0.40061545475267835,0.5953954866651471,0.0039890585821746065,0.9966947800319125,0.0015956234328698426,0.0017095965352176886,0.01622207660822958,0.007496582166461208,0.185,0.38499999999999995,0.08188563829787235,0.2903882978723404,0.08188563829787235,0.2903882978723404
train_005.csv,0.22595616924246262,0.08289409678236635,0.22595616924246262,0.7329617430960222,0.2576640486445402,0.009374208259437548,0.9777045857613377,0.016468203699011908,0.005827210539650367,0.014520232572847189,0.023092415463071194,0.5990000000000001,0.6940000000000001,0.13070031347962383,0.19969717868338557,0.13070031347962383,0.19969717868338557
train_006.csv,0.07319571045576408,-0.10263806970509383,0.07319571045576408,0.0,1.0,0.0,0.967828418230563,0.030831099195710455,0.0013404825737265416,0.0014930258776112417,0.0011897871493603464,0.156,0.16199999999999998,-0.1155684575389948,0.06960658578856152,-0.1155684575389948,0.06960658578856152
train_007.csv,0.001080440304826418,0.04035055038103302,0.001080440304826418,0.8314987298899238,0.16003386960203217,0.00846740050804403,0.4259102455546147,0.5698560541913632,0.004233700254022015,0.0016011041289341126,0.0062684486086195266,0.229,0.39899999999999997,0.04192541087231352,-0.011533501896333755,0.04192541087231352,-0.011533501896333755
train_008.csv,0.0054563679245283,0.09243248820754717,0.0054563679245283,0.917747641509434,0.07753537735849056,0.0047169811320754715,0.38119103773584906,0.6076061320754716,0.011202830188679245,0.005723479958655127,0.0072917580484968565,0.13299999999999998,0.403,0.14009537572254335,0.030069364161849712,0.14009537572254335,0.030069364161849712
train_009.csv,0.2854688805806026,-0.14899736089729493,0.2854688805806026,0.09192874422696283,0.8994941719815263,0.008577083791510886,0.9929623927864526,0.0,0.007037607213547394,0.014570815655154152,0.008706962680730783,0.411,0.32600000000000007,-0.12479084228377614,0.27130299604296215,-0.12479084228377614,0.27130299604296215
train_010.csv,0.12400848073661255,-0.13595953477102013,0.12400848073661255,0.03561909377271626,0.9607463048219045,0.00363460140537921,0.9488732735643325,0.04797673855100557,0.003149987884661982,0.010672973398523213,0.007120144620255505,0.203,0.39999999999999997,-0.022939962476547844,0.11611632270168856,-0.022939962476547844,0.11611632270168856
train_011.csv,0.049699649737302974,-0.12568914185639227,0.049699649737302974,0.006129597197898424,0.9938704028021016,0.0,0.8423817863397548,0.1532399299474606,0.0043782837127845885,0.0013635343079395432,0.002454320753602011,0.158,0.261,-0.14943478260869564,0.049780320366132724,-0.14943478260869564,0.049780320366132724
train_012.csv,0.19708415841584162,-0.03627227722772278,0.19708415841584162,0.04702970297029703,0.9529702970297029,0.0,1.0,0.0,0.0,0.0006721837456698524,0.0024491293762130555,0.239,0.336,-0.008685309973045821,0.2129919137466307,-0.008685309973045821,0.2129919137466307
train_013.csv,0.22495893223819302,-0.030164271047227922,0.22495893223819302,0.12566735112936345,0.8731006160164271,0.0012320328542094457,1.0,0.0,0.0,0.002333228550362,0.0023154765378898185,0.199,0.16299999999999998,-0.025624573378839593,0.19886348122866895,-0.025624573378839593,0.19886348122866895
train_014.csv,0.27513149171270723,0.0696817679558011,0.27513149171270723,0.9458563535911603,0.051933701657458566,0.0022099447513812156,1.0,0.0,0.0,0.0013180778198797244,0.013587078929741358,0.20400000000000001,0.4570000000000001,0.0766039603960396,0.23494158415841584,0.0766039603960396,0.23494158415841584
train_015.csv,0.21948759186281816,-0.06451379273618064,0.21948759186281816,0.00031952284588348065,0.9956331877729258,0.004047289381190755,0.9961657258493982,0.0,0.003834274150601768,0.0006219219710098707,0.003832978036264597,0.13,0.39499999999999996,-0.05619709794437726,0.2536553808948005,-0.05619709794437726,0.2536553808948005
train_016.csv,0.12425921450151058,-0.047946827794561934,0.12425921450151058,0.02054380664652568,0.9746223564954682,0.004833836858006042,0.9709969788519638,0.027794561933534745,0.0012084592145015106,0.002404143482978186,0.004867482344001726,0.079,0.16599999999999998,-0.00427742946708464,0.07423040752351097,-0.00427742946708464,0.07423040752351097
train_017.csv,0.08436937377690804,-0.13250489236790605,0.08436937377690804,0.0,1.0,0.0,1.0,0.0,0.0,0.0027464615521665767,0.0008009564967197432,0.18199999999999997,0.41700000000000004,-0.10645390070921985,0.05860992907801418,-0.10645390070921985,0.05860992907801418
train_018.csv,0.15617607127704708,0.0014459058124734823,0.15617607127704708,0.6669495120916419,0.3275350021213407,0.005515485787017395,0.9694526941026729,0.030547305897327112,0.0,0.004356395735564979,0.014277446489991515,0.131,0.509,0.025536690647482017,0.1261136690647482,0.025536690647482017,0.1261136690647482
train_019.csv,0.0638632209265679,-0.007322722975102426,0.0638632209265679,0.31736526946107785,0.6653009769933816,0.0173337535455405,0.7945162306965017,0.1982351087299086,0.007248660573589662,0.00044389960014927336,0.007845461109042287,0.145,0.602,0.009468473451327434,0.07347179203539822,0.009468473451327434,0.07347179203539822
train_020.csv,0.20186375105130364,0.05386375105130362,0.20186375105130364,0.9121110176619007,0.08662741799831791,0.001261564339781329,1.0,0.0,0.0,0.0012249330481029126,0.0010482624549182258,0.164,0.176,0.07024881889763779,0.18206771653543308,0.07024881889763779,0.18206771653543308
train_021.csv,0.2054153846153846,-0.04220873180873181,0.2054153846153846,0.3546777546777547,0.637006237006237,0.008316008316008316,0.9991683991683992,0.0008316008316008316,0.0,0.006478821637534117,0.010601096518622809,0.263,0.452,-0.008990405117270788,0.18635501066098079,-0.008990405117270788,0.18635501066098079
train_022.csv,0.3247456418383518,-0.040216323296354994,0.3247456418383518,0.01901743264659271,0.9770206022187005,0.003961965134706815,1.0,0.0,0.0,0.00038324658504369156,0.0025874269238938233,0.14400000000000002,0.403,-0.031826905829596415,0.30574349775784754,-0.031826905829596415,0.30574349775784754
train_023.csv,0.2890951760104302,-0.021283572359843548,0.2890951760104302,0.33083441981747064,0.6567796610169492,0.012385919165580182,1.0,0.0,0.0,0.0017370509592588646,0.0038848145447032793,0.181,0.2799999999999999,0.0007242152466367692,0.2763654708520179,0.0007242152466367692,0.2763654708520179
train_024.csv,0.21819549041713643,-0.10442919954904172,0.21819549041713643,0.14870349492671928,0.8493799323562571,0.0019165727170236753,0.9950394588500564,0.003945885005636978,0.0010146561443066515,0.012356949265680104,0.0039244231615308,0.366,0.893,0.010637096774193548,0.20020362903225805,0.010637096774193548,0.20020362903225805
train_025.csv,0.14182738443534232,-0.05918782913984786,0.14182738443534232,0.05558806319485079,0.938560561732007,0.005851375073142188,0.970743124634289,0.029256875365710942,0.0,0.0018866994770761754,0.003912216673541234,0.15500000000000003,0.303,-0.06873865030674847,0.10916196319018406,-0.06873865030674847,0.10916196319018406
train_026.csv,0.20956133056133058,0.01448752598752599,0.20956133056133058,0.6559251559251559,0.34303534303534305,0.0010395010395010396,1.0,0.0,0.0,0.009172562279200677,0.0036914265156054956,0.353,0.548,0.045812043795620434,0.2672390510948905,0.045812043795620434,0.2672390510948905
train_027.csv,0.12411800860479409,-0.061188076213890594,0.12411800860479409,0.19514443761524278,0.7867240319606638,0.018131530424093423,0.9843269821757836,0.001229256299938537,0.014443761524277812,0.005528271410192776,0.006890771805931683,0.46499999999999997,1.0030000000000001,-0.05035830618892508,0.1447902280130293,-0.05035830618892508,0.1447902280130293
train_028.csv,0.099,-0.0645,0.099,0.0,1.0,0.0,1.0,0.0,0.0,1.2500000000000023e-05,0.0001999999999999998,0.327,0.7169999999999999,-0.04839105545617173,0.12743005366726298,-0.04839105545617173,0.12743005366726298
train_029.csv,0.14487114902157552,0.018609433015554438,0.14487114902157552,0.5057701956848971,0.48299046663321626,0.011239337681886603,0.9169091821374812,0.07175112895132965,0.011339688911189163,0.018650289031844288,0.015360394274924088,0.29600000000000004,0.5630000000000001,0.02954834973943254,0.17399015634047482,0.02954834973943254,0.17399015634047482
train_030.csv,0.15323335530652601,-0.026543177323665127,0.15323335530652601,0.32234673698088334,0.6644693473961767,0.013183915622940013,0.989452867501648,0.01054713249835201,0.0,0.002220120331058904,0.004319804348431062,0.254,0.23,-0.04217627308337996,0.09602742025741466,-0.04217627308337996,0.09602742025741466
train_031.csv,0.148,0.032,0.148,1.0,0.0,0.0,1.0,0.0,0.0,0.0,1.800000000000003e-05,0.122,0.21999999999999997,0.011055019852524106,0.16608281338627337,0.011055019852524106,0.16608281338627337
train_032.csv,0.16549999999999998,-0.006,0.16549999999999998,0.0,1.0,0.0,1.0,0.0,0.0,1.9999999999999982e-06,2.449999999999985e-05,0.214,0.27399999999999997,-0.022589255735870176,0.10814493564633464,-0.022589255735870176,0.10814493564633464
train_033.csv,-0.10353573040469384,-0.06463878441402136,-0.10353573040469384,0.0015044380923724988,0.9980442304799158,0.00045133142771174966,0.17692191966300586,0.8224763051000451,0.0006017752369489995,0.0005607595126960683,0.011047905697265862,0.357,0.527,-0.06385191347753744,-0.14884941763727122,-0.06385191347753744,-0.14884941763727122
train_034.csv,0.11965868725868725,-0.06496061776061776,0.11965868725868725,0.08108108108108109,0.911969111969112,0.0069498069498069494,1.0,0.0,0.0,0.004543778200545434,0.004230986970454666,0.187,0.22300000000000003,-0.09192375366568915,0.14400879765395894,-0.09192375366568915,0.14400879765395894
train_035.csv,0.13783140746353478,-0.1337274104944118,0.13783140746353478,0.02557302519416556,0.9712066679295321,0.0032203068763023298,0.9964008334911915,0.0013260087137715476,0.0022731577950369387,0.006099217647537216,0.002332987865222158,0.236,0.196,-0.06270374848851269,0.13364933494558645,-0.06270374848851269,0.13364933494558645
train_036.csv,-0.023804087736789634,-0.10746560319042872,-0.023804087736789634,0.006979062811565304,0.9920239282153539,0.0009970089730807576,0.33998005982053836,0.6530408773678963,0.006979062811565304,0.002840719763900319,0.0026009615992421743,0.09200000000000001,0.217,-0.039719681908548715,-0.04526441351888668,-0.039719681908548715,-0.04526441351888668
train_037.csv,-0.07606568961004971,-0.07866710285265636,-0.07606568961004971,0.016226118817063595,0.9822036116199948,0.0015702695629416384,0.19157288667887987,0.8065951321643549,0.0018319811567652448,0.002462795956761408,0.007538190709923531,0.27399999999999997,0.43100000000000005,-0.016061445783132535,-0.03600602409638554,-0.016061445783132535,-0.03600602409638554
train_038.csv,0.0880280767430978,-0.06634698175011698,0.0880280767430978,0.09499298081422555,0.8993916705662143,0.005615348619560131,0.8235844642021526,0.17337388862891903,0.0030416471689284044,0.003879698204087192,0.010802485520896521,0.321,0.388,-0.0042638655462184875,0.0893764705882353,-0.0042638655462184875,0.0893764705882353
train_039.csv,0.31275193384902644,-0.0742085889570552,0.31275193384902644,0.0,1.0,0.0,1.0,0.0,0.0,0.0004015930852282772,0.004308647624994554,0.069,0.11300000000000002,-0.0664098712446352,0.26086051502145924,-0.0664098712446352,0.26086051502145924
train_040.csv,0.1867918367346939,0.037437770332013405,0.1867918367346939,0.8,0.19439537008833385,0.005604629911666159,0.9809929942126104,0.01882424611635699,0.00018275967103259215,0.0028324261107831165,0.006329614335696498,0.5630000000000001,0.45299999999999996,0.09338004101161997,0.11445112781954886,0.09338004101161997,0.11445112781954886
train_041.csv,0.19615305686190682,-0.06503762291577597,0.19615305686190682,0.003847798204360838,0.9961522017956391,0.0,0.9790508764429243,0.020949123557075674,0.0,0.0004606401579056509,0.0038072023976233687,0.241,0.23500000000000001,-0.12234821428571428,0.21471428571428572,-0.12234821428571428,0.21471428571428572
train_042.csv,-0.1182874930824571,-0.14194631986718317,-0.1182874930824571,0.0,1.0,0.0,0.05478693967902601,0.942169341449917,0.0030437188710570003,0.0014130328220465632,0.005765133211925638,0.20500000000000002,0.5800000000000001,-0.10728956834532374,-0.1888264388489209,-0.10728956834532374,-0.1888264388489209
train_043.csv,0.17811735205616852,0.14441474423269807,0.17811735205616852,0.9929789368104313,0.0010030090270812437,0.006018054162487462,0.9939819458375125,0.0,0.006018054162487462,0.001837901659066512,0.01647084723513239,0.194,0.48300000000000004,0.10389524733268672,0.1555169738118332,0.10389524733268672,0.1555169738118332
train_044.csv,0.2481785095320624,0.10639081455805892,0.2481785095320624,1.0,0.0,0.0,1.0,0.0,0.0,0.00020544210115725533,0.0004916350624773591,0.26899999999999996,0.682,0.13698601398601398,0.27010489510489505,0.13698601398601398,0.27010489510489505
train_045.csv,0.008577712609970676,0.01842815249266862,0.008577712609970676,0.9296187683284457,0.06744868035190615,0.002932551319648094,0.5454545454545454,0.44281524926686217,0.011730205278592375,0.0001518102639296188,0.0017795446782818698,0.43400000000000005,0.447,0.027869644484958978,0.04565724703737466,0.027869644484958978,0.04565724703737466
train_046.csv,-0.027238578680203043,-0.05927664974619289,-0.027238578680203043,0.0,1.0,0.0,0.06472081218274112,0.9263959390862944,0.008883248730964468,0.0011131787679229095,0.000460740974851489,0.148,0.182,-0.060796528447444556,-0.03621118611378978,-0.060796528447444556,-0.03621118611378978
train_047.csv,0.1953922431027589,-0.1016265493802479,0.1953922431027589,0.00039984006397441024,0.9992003198720512,0.00039984006397441024,1.0,0.0,0.0,0.0004777548788484605,0.003055500083806478,0.23,0.512,-0.08732920580700256,0.2286122971818958,-0.08732920580700256,0.2286122971818958
train_048.csv,0.12572794117647057,-0.1744889705882353,0.12572794117647057,0.0,1.0,0.0,0.9963235294117647,0.0,0.003676470588235294,0.00464199249782939,0.00496278179943564,0.241,0.344,-0.13949103139013455,0.0703609865470852,-0.13949103139013455,0.0703609865470852
train_049.csv,0.14601278772378515,-0.06945907928388746,0.14601278772378515,0.03580562659846547,0.9552429667519181,0.008951406649616368,0.9910485933503836,0.0,0.008951406649616368,0.0027021897446057415,0.0059656105917064795,0.14700000000000002,0.376,-0.08006958393113342,0.09886298421807747,-0.08006958393113342,0.09886298421807747
train_050.csv,-0.05329941291585127,-0.08732667039418507,-0.05329941291585127,0.0675146771037182,0.9317864131954151,0.0006989097008666481,0.2527257478333799,0.7441990494828068,0.0030752026838132512,0.0030181735735060524,0.005837110395293477,0.274,0.44899999999999995,-0.040803741384968825,-0.08400164095831966,-0.040803741384968825,-0.08400164095831966
train_051.csv,0.13994701986754968,0.01931151299032094,0.13994701986754968,0.5802343352012226,0.41492613346917984,0.004839531329597555,0.9220580743759552,0.07514009169638308,0.0028018339276617422,0.01479101452728989,0.017304395154173872,0.515,0.835,-0.0280031113876789,0.09090479153702552,-0.0280031113876789,0.09090479153702552
train_052.csv,0.13187692307692309,-0.11767846153846151,0.13187692307692309,0.03538461538461538,0.96,0.004615384615384616,1.0,0.0,0.0,0.004154958086997748,0.0006809986962190353,0.31,0.06899999999999999,-0.081875,0.1145625,-0.081875,0.1145625
train_053.csv,0.21199189101524488,-0.07185663314952968,0.21199189101524488,0.22770029192345118,0.6668829062601362,0.10541680181641258,0.8880960103795005,0.008108984755108661,0.10379500486539085,0.024295264319225206,0.0177933701483697,0.28099999999999997,0.388,-0.06049929873772791,0.24431837307152876,-0.06049929873772791,0.24431837307152876
train_054.csv,0.29863371022876684,-0.029611096502760975,0.29863371022876684,0.3602419142782014,0.633973179069156,0.00578490665264265,1.0,0.0,0.0,0.005311871596982532,0.011843217453537261,0.547,0.548,-0.02195557851239669,0.4322768595041322,-0.02195557851239669,0.4322768595041322
train_055.csv,0.09981660377358491,0.02698792452830189,0.09981660377358491,0.8686792452830189,0.09433962264150944,0.0369811320754717,0.9260377358490566,0.045283018867924525,0.028679245283018868,0.0013032898842843298,0.004516982201447873,0.10500000000000001,0.25299999999999995,0.05717554076539101,0.14685524126455907,0.05717554076539101,0.14685524126455907
train_056.csv,0.13872259835315642,-8.984446477584428e-05,0.13872259835315642,0.5399817017383348,0.45526075022872825,0.004757548032936871,0.9992680695333943,0.00036596523330283625,0.00036596523330283625,0.0058976685370365645,0.007441779183584073,0.271,0.4,-0.014641420118343197,0.17768994082840237,-0.014641420118343197,0.17768994082840237
train_057.csv,0.14639396067415733,0.14234480337078653,0.14639396067415733,0.9662921348314607,0.0,0.033707865168539325,0.9662921348314607,0.0,0.033707865168539325,0.008340657555548095,0.007471357686621081,0.16699999999999998,0.342,0.11202595419847328,0.14496412213740456,0.11202595419847328,0.14496412213740456
train_058.csv,0.2244177215189873,-0.11004792043399637,0.2244177215189873,0.05334538878842676,0.9421338155515371,0.0045207956600361665,0.9990958408679927,0.0,0.0009041591320072332,0.005665245665354749,0.00920517557706627,0.424,0.548,-0.04473064516129032,0.23231290322580644,-0.04473064516129032,0.23231290322580644
train_059.csv,0.1743758815232722,-0.031529619181946404,0.1743758815232722,0.0021156558533145277,0.9978843441466855,0.0,1.0,0.0,0.0,0.0005441067438210005,0.0008192989803444569,0.16999999999999998,0.21600000000000003,-0.030342130065975494,0.14950235626767203,-0.030342130065975494,0.14950235626767203
train_060.csv,0.35873679833679833,-0.08537837837837838,0.35873679833679833,0.11226611226611227,0.8864864864864865,0.0012474012474012475,1.0,0.0,0.0,0.005297126320996536,0.005005595005552079,0.393,0.381,-0.05991253869969041,0.297843653250774,-0.05991253869969041,0.297843653250774
train_061.csv,0.11378483606557377,-0.07218237704918033,0.11378483606557377,0.07172131147540983,0.9241803278688525,0.004098360655737705,0.7008196721311475,0.29508196721311475,0.004098360655737705,0.009269221290436598,0.02843106449237553,0.297,0.45999999999999996,-0.12404081632653062,0.07305042016806723,-0.12404081632653062,0.07305042016806723
train_062.csv,0.12419346049046322,-0.1603865317244064,0.12419346049046322,0.006422732580770728,0.9838458544180615,0.00973141300116777,0.985792137018295,0.004281821720513819,0.009926041261191124,0.002479372853415483,0.0038267969048612948,0.08399999999999999,0.20800000000000002,-0.1387593984962406,0.096203007518797,-0.1387593984962406,0.096203007518797
train_063.csv,0.16192280494991163,-0.013977018267530937,0.16192280494991163,0.291101944608132,0.6941661756040071,0.01473187978786093,1.0,0.0,0.0,0.0008128703441700673,0.003095281183637051,0.208,0.38199999999999995,-0.01899775112443778,0.1376086956521739,-0.01899775112443778,0.1376086956521739
train_064.csv,0.12918507638072854,-0.1480828437132785,0.12918507638072854,0.036133960047003526,0.963572267920094,0.0002937720329024677,0.9844300822561692,0.013219741480611046,0.0023501762632197414,0.008771293752004956,0.00858081675047903,0.31,0.495,-0.0909311163895487,0.1490771971496437,-0.0909311163895487,0.1490771971496437
train_065.csv,0.14785796545105565,-0.15712667946257197,0.14785796545105565,0.0,1.0,0.0,1.0,0.0,0.0,0.003970583921452829,0.003978245172006497,0.201,0.445,-0.10371491875923192,0.11745051698670607,-0.10371491875923192,0.11745051698670607
train_066.csv,0.19483668341708543,0.04735992462311559,0.19483668341708543,0.6155778894472361,0.3498743718592965,0.034547738693467334,0.9409547738693468,0.02763819095477387,0.031407035175879394,0.029465864716021976,0.013033868974034217,0.5549999999999999,0.207,0.17914018691588784,0.17700000000000005,0.17914018691588784,0.17700000000000005
train_067.csv,0.09690754117307136,-0.14537705865356831,0.09690754117307136,0.0,1.0,0.0,0.9341230858133488,0.06327650967928344,0.002600404507367813,0.00040961530013210775,0.004470913414212537,0.082,0.26599999999999996,-0.12819366197183096,0.08636795774647887,-0.12819366197183096,0.08636795774647887
train_068.csv,0.15153623732632368,-0.10658505444986857,0.15153623732632368,0.007134810364250845,0.9924896733007886,0.0003755163349605708,0.9962448366503943,0.003755163349605708,0.0,0.003708577943338508,0.0028937994940263,0.373,0.331,-0.023269306930693068,0.14211188118811882,-0.023269306930693068,0.14211188118811882
train_069.csv,0.07823261802575107,-0.13329270386266096,0.07823261802575107,0.0017167381974248926,0.9974248927038627,0.0008583690987124463,0.8248927038626609,0.17339055793991417,0.0017167381974248926,0.002888757568040217,0.005033875449132694,0.394,0.5589999999999999,-0.10010258064516128,0.06128258064516129,-0.10010258064516128,0.06128258064516129
train_070.csv,0.05375290366659075,-0.0355324527442496,0.05375290366659075,0.27989068549305396,0.7164654976087451,0.0036438168982008655,0.6786608972899112,0.31815076292416306,0.0031883397859257573,0.00320110959578222,0.00926423665158958,0.22099999999999997,0.378,0.031015427769985976,0.004053295932678825,0.031015427769985976,0.004053295932678825
train_071.csv,0.24103051915740586,-0.1337775750539061,0.24103051915740586,0.054735445347487144,0.9046276331066512,0.04063692154586167,0.954718858848897,0.005639409520650191,0.039641731630452814,0.010788455661603729,0.027382566752567197,0.256,0.348,-0.12095121951219513,0.07186411149825785,-0.12095121951219513,0.07186411149825785
train_072.csv,0.07172835477058938,-0.0702752927625264,0.07172835477058938,0.19523900940679592,0.8005375311960069,0.0042234593971971586,0.8077366097139567,0.1889038203110002,0.0033595699750431944,0.007277885999842286,0.007886988503791947,0.239,0.594,-0.023647999999999995,0.30343200000000004,-0.023647999999999995,0.30343200000000004
train_073.csv,0.23550526315789475,0.018222368421052633,0.23550526315789475,0.9434210526315789,0.04407894736842105,0.0125,1.0,0.0,0.0,0.0001395291899102596,0.0024681395377845533,0.053000000000000005,0.10700000000000001,0.011747340425531914,0.18244813829787238,0.011747340425531914,0.18244813829787238
train_074.csv,0.16434551886792453,-0.03712735849056604,0.16434551886792453,0.02830188679245283,0.9693396226415094,0.0023584905660377358,1.0,0.0,0.0,0.0004221868303223363,0.00464666323845537,0.24100000000000002,0.34700000000000003,-0.04023375,0.12120249999999999,-0.04023375,0.12120249999999999
train_075.csv,0.095,0.041499999999999995,0.095,1.0,0.0,0.0,1.0,0.0,0.0,5.000000000000079e-07,2.0000000000000037e-06,0.6050000000000001,0.626,0.06593505507026205,0.15807216103304217,0.06593505507026205,0.15807216103304217
train_076.csv,-0.1375593220338983,-0.10529661016949152,-0.1375593220338983,0.0,1.0,0.0,0.0,1.0,0.0,0.0003539542012261091,0.0006232177425171293,0.21300000000000002,0.111,-0.152589552238806,-0.11888805970149253,-0.152589552238806,-0.11888805970149253
train_077.csv,0.14165419561731693,-0.017594334580438267,0.14165419561731693,0.3201496525921967,0.6531266702298236,0.02672367717797969,1.0,0.0,0.0,0.0013033727807200818,0.0016460199275745476,0.102,0.15700000000000003,0.03735177865612649,0.1983735177865613,0.03735177865612649,0.1983735177865613
train_078.csv,0.1400117195823567,-0.22051757937353508,0.1400117195823567,0.029938205838482848,0.967824419347965,0.002237374813552099,0.8968676752610271,0.10046878329426806,0.0026635414447048794,0.014214445775109571,0.015334811796573897,0.266,0.572,-0.10090000000000002,0.18008539325842698,-0.10090000000000002,0.18008539325842698
train_079.csv,0.23004843702315034,-0.1369873130749444,0.23004843702315034,0.10624754763046607,0.8720844051096481,0.021668047259885775,0.9790295156297685,0.002092688668962811,0.01887779570126869,0.020689306736488722,0.009882059259961093,0.09200000000000001,0.127,-0.013294736842105265,0.14135338345864662,-0.013294736842105265,0.14135338345864662
train_080.csv,0.316734686172723,-0.02681887682869278,0.316734686172723,0.3034450212364323,0.691647003303445,0.0049079754601227,0.9969797074091553,9.438414346389807e-05,0.00292590844738084,0.00909234278125678,0.008390511912670512,0.649,0.602,0.04430570505920345,0.3012516146393972,0.04430570505920345,0.3012516146393972
train_081.csv,0.022106136820925555,-0.05265945674044266,0.022106136820925555,0.16046277665995975,0.829979879275654,0.009557344064386318,0.5176056338028169,0.47183098591549294,0.01056338028169014,0.01621822971928197,0.019728958533030094,0.296,0.614,-0.060252900232018555,-0.014299303944315545,-0.060252900232018555,-0.014299303944315545
train_082.csv,0.4623491954809996,0.017663471413899352,0.4623491954809996,0.6100650462170489,0.3700787401574803,0.01985621362547073,0.9863060595686409,0.0,0.013693940431359124,0.008982981572739681,0.016382509527605945,0.11099999999999999,0.32499999999999996,0.06141684665226782,0.5063120950323975,0.06141684665226782,0.5063120950323975
train_083.csv,0.19398479999999999,-0.1182328,0.19398479999999999,0.02,0.9792,0.0008,1.0,0.0,0.0,0.0063728384749399515,0.004850384876861489,0.435,0.5229999999999999,-0.05775643564356435,0.15431584158415843,-0.05775643564356435,0.15431584158415843
train_084.csv,0.29925690890481066,0.03680757420675537,0.29925690890481066,0.8464687819856704,0.15097236438075742,0.00255885363357216,1.0,0.0,0.0,0.001929401765438679,0.0031504388283306642,0.166,0.264,-0.0069465408805031445,0.18685744234800838,-0.0069465408805031445,0.18685744234800838
train_085.csv,-0.09875286221871299,-0.09421575207264114,-0.09875286221871299,0.010264508487958943,0.9889459139360443,0.0007895775759968417,0.13225424397947097,0.8677457560205291,0.0,0.0026974387330670475,0.0056154366403746905,0.23,0.207,-0.048134847409510295,-0.14127466288147622,-0.048134847409510295,-0.14127466288147622
train_086.csv,0.16873864159379312,-0.015392727990005918,0.16873864159379312,0.42389374712341377,0.5578276020777171,0.01827865079886909,0.9811953448615951,0.00664080478663949,0.012163850351765402,0.003121981012343218,0.0025921626841356733,0.268,0.194,0.033343020485945694,0.16212196283944738,0.033343020485945694,0.16212196283944738
train_087.csv,0.24119568715803025,0.027049243643385897,0.24119568715803025,0.6237528162214354,0.37045381396845833,0.005793369810106212,0.9993562922433216,0.0,0.000643707756678468,0.011378092551745829,0.014233484553189929,0.42900000000000005,0.683,0.01758910162002945,0.2660220913107511,0.01758910162002945,0.2660220913107511
train_088.csv,0.10259071530080531,0.02395783988630981,0.10259071530080531,0.837517764092847,0.15916627190904784,0.0033159639981051635,0.8683088583609664,0.12979630506868783,0.0018948365703458077,0.00080529727381511,0.009822148046454926,0.128,0.5650000000000001,0.04748282097649186,0.046263110307414104,0.04748282097649186,0.046263110307414104
train_089.csv,0.13525484583299255,-0.07501954690439191,0.13525484583299255,0.3092336632043837,0.6894577574220986,0.0013085793735176249,0.9458575284207082,0.053161037049153516,0.0009814345301382187,0.019090623452338425,0.009644260256861145,0.965,0.8999999999999999,-0.0026449478238737547,0.14511555103079662,-0.0026449478238737547,0.14511555103079662
train_090.csv,0.09117837837837837,-0.20822201474201477,0.09117837837837837,0.024275184275184276,0.9703194103194103,0.005405405405405406,0.865945945945946,0.12756756756756757,0.006486486486486486,0.012130552729378597,0.008764614826345912,0.262,0.402,-0.17394408945686904,-0.02969329073482428,-0.17394408945686904,-0.02969329073482428
train_091.csv,0.2413754802654558,-0.07294254278728607,0.2413754802654558,0.22860635696821516,0.7355920363255326,0.03580160670625218,0.9404470834788683,0.025323087670275933,0.034229828850855744,0.027918456960100778,0.02515618702487847,0.707,0.883,-0.14883595352016404,0.2071442241968558,-0.14883595352016404,0.2071442241968558
train_092.csv,0.2338459337964855,0.032669391091132004,0.2338459337964855,0.8414384961176952,0.15324887617490804,0.0053126277073968125,1.0,0.0,0.0,0.003193214855843304,0.014059690481210663,0.244,0.469,0.10341017488076312,0.49361844197138316,0.10341017488076312,0.49361844197138316
train_093.csv,0.24809116607773854,0.03925583038869258,0.24809116607773854,0.8918727915194347,0.10459363957597173,0.0035335689045936395,1.0,0.0,0.0,0.0014550221990094019,0.0022649457139858357,0.072,0.12899999999999998,0.06108088235294118,0.24497058823529413,0.06108088235294118,0.24497058823529413
train_094.csv,0.1512054494206076,-0.026742875039148135,0.1512054494206076,0.37081114938928905,0.6210460382085813,0.008142812402129659,0.9797995615408707,0.018321327904791733,0.0018791105543376136,0.0035012541583107734,0.006629910798803477,0.663,0.665,-0.010649957519116396,0.10551189464740866,-0.010649957519116396,0.10551189464740866
train_095.csv,0.095837926202709,-0.007171882297991592,0.095837926202709,0.6085941148995796,0.38439981317141525,0.007006071929005138,0.9215319943951424,0.0751985053713218,0.003269500233535731,0.006513790068838476,0.008541287271211367,0.29600000000000004,0.388,-0.037482794577685094,0.09727737226277372,-0.037482794577685094,0.09727737226277372
train_096.csv,0.2576417462482947,0.028326875852660298,0.2576417462482947,0.6608458390177353,0.32496589358799455,0.014188267394270123,0.9997271487039563,0.00027285129604365623,0.0,0.0015148412671202277,0.0016312561716222737,0.06099999999999999,0.16699999999999998,0.037753125,0.1871125,0.037753125,0.1871125
train_097.csv,0.1642555464256368,0.025612982744453578,0.1642555464256368,0.9178307313064914,0.07559572719802794,0.00657354149548069,1.0,0.0,0.0,0.0007419792063097351,0.003926641056794101,0.16,0.302,0.020194291986827664,0.1419462129527991,0.020194291986827664,0.1419462129527991
train_098.csv,0.22988680203045686,-0.031959390862944165,0.22988680203045686,0.34086294416243657,0.6484771573604061,0.01065989847715736,0.999746192893401,0.0002538071065989848,0.0,0.003615500762258969,0.0029981628620730084,0.191,0.28400000000000003,-0.06774455899198167,0.1913390607101947,-0.06774455899198167,0.1913390607101947
train_099.csv,0.2275883037532732,-0.040619726505673553,0.2275883037532732,0.4823974396275822,0.5155659004946174,0.002036659877800407,1.0,0.0,0.0,0.011642040739971745,0.012509599665253454,0.386,0.5309999999999999,0.16878191489361702,0.4728058510638297,0.16878191489361702,0.4728058510638297
train_100.csv,0.1718478260869565,0.020776679841897235,0.1718478260869565,0.6457509881422925,0.3473320158102767,0.00691699604743083,0.9990118577075099,0.0009881422924901185,0.0,0.003123281789069964,0.0009128062928496204,0.11,0.09499999999999997,0.11828571428571427,0.17957142857142858,0.11828571428571427,0.17957142857142858
train_101.csv,0.08394063157894738,-0.057419789473684216,0.08394063157894738,0.08463157894736842,0.895578947368421,0.019789473684210527,0.7077894736842105,0.272,0.020210526315789474,0.003962691015119941,0.02465168097264222,0.148,0.485,-0.07863882618510158,-0.07255981941309254,-0.07863882618510158,-0.07255981941309254
train_102.csv,0.042777157860190346,-0.03438693797177552,0.042777157860190346,0.15162454873646208,0.8441089596324254,0.00426649163111257,0.847062684607811,0.14210699048244174,0.010830324909747292,0.002714618122170477,0.00729684822396161,0.21000000000000002,0.496,-0.02819533275713051,0.033236819360414865,-0.02819533275713051,0.033236819360414865
train_103.csv,0.021770262216924907,-0.14259296781883196,0.021770262216924907,0.004171632896305125,0.9955303933253874,0.0002979737783075089,0.6162097735399285,0.37961859356376637,0.004171632896305125,0.00514318449896886,0.00638228729423823,0.12900000000000003,0.093,-0.16185169491525422,0.017398305084745762,-0.16185169491525422,0.017398305084745762
train_104.csv,0.2362290881688018,-0.014228711379050492,0.2362290881688018,0.6356443104747551,0.3617181612660136,0.0026375282592313487,0.9996232102486813,0.00037678975131876413,0.0,0.019783056227739508,0.003916540035579861,0.243,0.393,0.03463896848137536,0.2644656160458453,0.03463896848137536,0.2644656160458453
